exchange,symbol,fundingTime,fundingRate,fundingRatePct,demo,normalized
binance,BTCUSDT,1577836800000,-0.00012359,-0.012359,True,True
binance,ETHUSDT,1577836800000,0.00010000,0.01,True,True
binance,BTCUSDT,1577865600000,-0.00012383,-0.012383000000000002,True,True
binance,ETHUSDT,1577865600000,0.00007354,0.007354,True,True
binance,BTCUSDT,1577894400000,-0.00009664,-0.009663999999999999,True,True
binance,ETHUSDT,1577894400000,-0.00016125,-0.016125,True,True
binance,BTCUSDT,1577923200002,0.00003662,0.003662,True,True
binance,ETHUSDT,1577923200002,0.00005047,0.005047,True,True
binance,BTCUSDT,1577952000000,0.00010000,0.01,True,True
binance,ETHUSDT,1577952000000,0.00010000,0.01,True,True
binance,BTCUSDT,1577980800000,0.00000104,0.000104,True,True
binance,ETHUSDT,1577980800000,0.00010000,0.01,True,True
binance,BTCUSDT,1578009600000,-0.00001664,-0.001664,True,True
binance,ETHUSDT,1578009600000,0.00010000,0.01,True,True
binance,BTCUSDT,1578038400000,-0.00001553,-0.001553,True,True
binance,ETHUSDT,1578038400000,0.00010000,0.01,True,True
binance,BTCUSDT,1578067200001,0.00010000,0.01,True,True
binance,ETHUSDT,1578067200001,0.00010000,0.01,True,True
binance,BTCUSDT,1578096000000,0.00010000,0.01,True,True
binance,ETHUSDT,1578096000000,0.00010000,0.01,True,True
binance,BTCUSDT,1578124800000,0.00000084,8.4e-05,True,True
binance,ETHUSDT,1578124800000,0.00010000,0.01,True,True
binance,BTCUSDT,1578153600000,0.00007387,0.0073869999999999995,True,True
binance,ETHUSDT,1578153600000,0.00010000,0.01,True,True
binance,BTCUSDT,1578182400000,0.00010000,0.01,True,True
binance,ETHUSDT,1578182400000,0.00010000,0.01,True,True
binance,BTCUSDT,1578211200000,0.00010000,0.01,True,True
binance,ETHUSDT,1578211200000,0.00010000,0.01,True,True
binance,BTCUSDT,1578240000000,0.00010000,0.01,True,True
binance,ETHUSDT,1578240000000,0.00010000,0.01,True,True
binance,BTCUSDT,1578268800000,0.00010000,0.01,True,True
binance,ETHUSDT,1578268800000,0.00010000,0.01,True,True
binance,BTCUSDT,1578297600000,0.00010000,0.01,True,True
binance,ETHUSDT,1578297600000,0.00010000,0.01,True,True
binance,BTCUSDT,1578326400000,0.00010000,0.01,True,True
binance,ETHUSDT,1578326400000,0.00010000,0.01,True,True
binance,BTCUSDT,1578355200000,0.00010000,0.01,True,True
binance,ETHUSDT,1578355200000,0.00010000,0.01,True,True
binance,BTCUSDT,1578384000001,0.00010000,0.01,True,True
binance,ETHUSDT,1578384000001,0.00010000,0.01,True,True
binance,BTCUSDT,1578412800000,0.00010000,0.01,True,True
binance,ETHUSDT,1578412800000,0.00010000,0.01,True,True
binance,BTCUSDT,1578441600000,0.00012514,0.012514,True,True
binance,ETHUSDT,1578441600000,0.00010000,0.01,True,True
binance,BTCUSDT,1578470400000,0.00010000,0.01,True,True
binance,ETHUSDT,1578470400000,0.00010000,0.01,True,True
binance,BTCUSDT,1578499200001,0.00010000,0.01,True,True
binance,ETHUSDT,1578499200001,0.00010000,0.01,True,True
binance,BTCUSDT,1578528000000,0.00010000,0.01,True,True
binance,ETHUSDT,1578528000000,0.00010000,0.01,True,True
binance,BTCUSDT,1578556800000,0.00010000,0.01,True,True
binance,ETHUSDT,1578556800000,0.00010000,0.01,True,True
binance,BTCUSDT,1578585600000,0.00010000,0.01,True,True
binance,ETHUSDT,1578585600000,0.00010000,0.01,True,True
binance,BTCUSDT,1578614400000,0.00010000,0.01,True,True
binance,ETHUSDT,1578614400000,0.00010000,0.01,True,True
binance,BTCUSDT,1578643200000,0.00010000,0.01,True,True
binance,ETHUSDT,1578643200000,0.00010000,0.01,True,True
binance,BTCUSDT,1578672000000,0.00010000,0.01,True,True
binance,ETHUSDT,1578672000000,0.00010000,0.01,True,True
binance,BTCUSDT,1578700800000,0.00010000,0.01,True,True
binance,ETHUSDT,1578700800000,0.00010000,0.01,True,True
binance,BTCUSDT,1578729600000,0.00017846,0.017846,True,True
binance,ETHUSDT,1578729600000,0.00010000,0.01,True,True
binance,BTCUSDT,1578758400000,0.00010000,0.01,True,True
binance,ETHUSDT,1578758400000,0.00010000,0.01,True,True
binance,BTCUSDT,1578787200000,0.00010000,0.01,True,True
binance,ETHUSDT,1578787200000,0.00010000,0.01,True,True
binance,BTCUSDT,1578816000000,0.00010000,0.01,True,True
binance,ETHUSDT,1578816000000,0.00010000,0.01,True,True
binance,BTCUSDT,1578844800000,0.00010000,0.01,True,True
binance,ETHUSDT,1578844800000,0.00010000,0.01,True,True
binance,BTCUSDT,1578873600001,0.00010000,0.01,True,True
binance,ETHUSDT,1578873600001,0.00010000,0.01,True,True
binance,BTCUSDT,1578902400000,0.00010000,0.01,True,True
binance,ETHUSDT,1578902400000,0.00010000,0.01,True,True
binance,BTCUSDT,1578931200000,0.00010000,0.01,True,True
binance,ETHUSDT,1578931200000,0.00010000,0.01,True,True
binance,BTCUSDT,1578960000000,0.00010000,0.01,True,True
binance,ETHUSDT,1578960000000,0.00010000,0.01,True,True
binance,BTCUSDT,1578988800000,0.00025900,0.0259,True,True
binance,ETHUSDT,1578988800000,0.00010000,0.01,True,True
binance,BTCUSDT,1579017600001,0.00010000,0.01,True,True
binance,ETHUSDT,1579017600001,0.00010000,0.01,True,True
binance,BTCUSDT,1579046400000,0.00049392,0.049392,True,True
binance,ETHUSDT,1579046400000,0.00011544,0.011544,True,True
binance,BTCUSDT,1579075200000,0.00019497,0.019497,True,True
binance,ETHUSDT,1579075200000,0.00020223,0.020222999999999998,True,True
binance,BTCUSDT,1579104000000,0.00010000,0.01,True,True
binance,ETHUSDT,1579104000000,0.00031864,0.031864,True,True
binance,BTCUSDT,1579132800000,0.00010000,0.01,True,True
binance,ETHUSDT,1579132800000,0.00017165,0.017165,True,True
binance,BTCUSDT,1579161600000,0.00041191,0.041191,True,True
binance,ETHUSDT,1579161600000,0.00038406,0.038405999999999996,True,True
binance,BTCUSDT,1579190400000,0.00031466,0.031466,True,True
binance,ETHUSDT,1579190400000,0.00042240,0.04224,True,True
binance,BTCUSDT,1579219200000,0.00010000,0.01,True,True
binance,ETHUSDT,1579219200000,0.00018772,0.018772,True,True
binance,BTCUSDT,1579248000000,0.00015027,0.015027,True,True
binance,ETHUSDT,1579248000000,0.00010000,0.01,True,True
binance,BTCUSDT,1579276800000,0.00056749,0.056749,True,True
binance,ETHUSDT,1579276800000,0.00020327,0.020327,True,True
binance,BTCUSDT,1579305600001,0.00010000,0.01,True,True
binance,ETHUSDT,1579305600001,0.00010000,0.01,True,True
binance,BTCUSDT,1579334400001,0.00029182,0.029182,True,True
binance,ETHUSDT,1579334400001,0.00010000,0.01,True,True
binance,BTCUSDT,1579363200000,0.00032081,0.032081,True,True
binance,ETHUSDT,1579363200000,0.00011014,0.011014,True,True
binance,BTCUSDT,1579392000000,0.00020041,0.020041,True,True
binance,ETHUSDT,1579392000000,0.00044662,0.044662,True,True
binance,BTCUSDT,1579420800000,0.00039329,0.039329,True,True
binance,ETHUSDT,1579420800000,0.00019851,0.019851,True,True
binance,BTCUSDT,1579449600000,0.00092467,0.09246700000000001,True,True
binance,ETHUSDT,1579449600000,0.00023852,0.023852,True,True
binance,BTCUSDT,1579478400000,0.00029702,0.029702,True,True
binance,ETHUSDT,1579478400000,0.00047503,0.047503,True,True
binance,BTCUSDT,1579507200000,0.00010000,0.01,True,True
binance,ETHUSDT,1579507200000,0.00054081,0.054081,True,True
binance,BTCUSDT,1579536000000,0.00010782,0.010782,True,True
binance,ETHUSDT,1579536000000,0.00038562,0.038562,True,True
binance,BTCUSDT,1579564800000,0.00012057,0.012057,True,True
binance,ETHUSDT,1579564800000,0.00021637,0.021637,True,True
binance,BTCUSDT,1579593600000,0.00015425,0.015425000000000001,True,True
binance,ETHUSDT,1579593600000,0.00016823,0.016823,True,True
binance,BTCUSDT,1579622400000,0.00015740,0.01574,True,True
binance,ETHUSDT,1579622400000,0.00018627,0.018626999999999998,True,True
binance,BTCUSDT,1579651200000,0.00010000,0.01,True,True
binance,ETHUSDT,1579651200000,0.00015350,0.015349999999999999,True,True
binance,BTCUSDT,1579680000001,0.00021392,0.021392,True,True
binance,ETHUSDT,1579680000001,0.00010000,0.01,True,True
binance,BTCUSDT,1579708800000,0.00010000,0.01,True,True
binance,ETHUSDT,1579708800000,0.00010000,0.01,True,True
binance,BTCUSDT,1579737600000,0.00010000,0.01,True,True
binance,ETHUSDT,1579737600000,0.00010000,0.01,True,True
binance,BTCUSDT,1579766400000,0.00010000,0.01,True,True
binance,ETHUSDT,1579766400000,0.00010000,0.01,True,True
binance,BTCUSDT,1579795200000,0.00052304,0.052304,True,True
binance,ETHUSDT,1579795200000,0.00021994,0.021994,True,True
binance,BTCUSDT,1579824000000,0.00054719,0.054719000000000004,True,True
binance,ETHUSDT,1579824000000,0.00017114,0.017114,True,True
binance,BTCUSDT,1579852800000,0.00042124,0.042124,True,True
binance,ETHUSDT,1579852800000,0.00017748,0.017748,True,True
binance,BTCUSDT,1579881600001,0.00017948,0.017948000000000002,True,True
binance,ETHUSDT,1579881600001,0.00025923,0.025922999999999998,True,True
binance,BTCUSDT,1579910400000,0.00010000,0.01,True,True
binance,ETHUSDT,1579910400000,0.00010000,0.01,True,True
binance,BTCUSDT,1579939200000,0.00010000,0.01,True,True
binance,ETHUSDT,1579939200000,0.00010000,0.01,True,True
binance,BTCUSDT,1579968000001,0.00010000,0.01,True,True
binance,ETHUSDT,1579968000001,0.00027793,0.027793,True,True
binance,BTCUSDT,1579996800000,0.00010000,0.01,True,True
binance,ETHUSDT,1579996800000,0.00031959,0.031959,True,True
binance,BTCUSDT,1580025600000,0.00010000,0.01,True,True
binance,ETHUSDT,1580025600000,0.00026387,0.026386999999999997,True,True
binance,BTCUSDT,1580054400000,0.00010000,0.01,True,True
binance,ETHUSDT,1580054400000,0.00010000,0.01,True,True
binance,BTCUSDT,1580083200000,0.00010000,0.01,True,True
binance,ETHUSDT,1580083200000,0.00010000,0.01,True,True
binance,BTCUSDT,1580112000001,0.00010000,0.01,True,True
binance,ETHUSDT,1580112000001,0.00010000,0.01,True,True
binance,BTCUSDT,1580140800000,0.00010000,0.01,True,True
binance,ETHUSDT,1580140800000,0.00010000,0.01,True,True
binance,BTCUSDT,1580169600000,0.00010000,0.01,True,True
binance,ETHUSDT,1580169600000,0.00010167,0.010166999999999999,True,True
binance,BTCUSDT,1580198400000,0.00068689,0.068689,True,True
binance,ETHUSDT,1580198400000,0.00049212,0.049212,True,True
binance,BTCUSDT,1580227200000,0.00054394,0.054394000000000005,True,True
binance,ETHUSDT,1580227200000,0.00091788,0.09178800000000001,True,True
binance,BTCUSDT,1580256000001,0.00062324,0.062324,True,True
binance,ETHUSDT,1580256000001,0.00122251,0.122251,True,True
binance,BTCUSDT,1580284800000,0.00108193,0.10819300000000001,True,True
binance,ETHUSDT,1580284800000,0.00106130,0.10613,True,True
binance,BTCUSDT,1580313600002,0.00053694,0.053694,True,True
binance,ETHUSDT,1580313600002,0.00055576,0.055576,True,True
binance,BTCUSDT,1580342400000,0.00023600,0.0236,True,True
binance,ETHUSDT,1580342400000,0.00054882,0.054882,True,True
binance,BTCUSDT,1580371200000,0.00024877,0.024877,True,True
binance,ETHUSDT,1580371200000,0.00049058,0.049058000000000004,True,True
binance,BTCUSDT,1580400000000,0.00034852,0.034852,True,True
binance,ETHUSDT,1580400000000,0.00054951,0.054951,True,True
binance,BTCUSDT,1580428800000,0.00053551,0.053551,True,True
binance,ETHUSDT,1580428800000,0.00082589,0.082589,True,True
binance,BTCUSDT,1580457600000,0.00077154,0.077154,True,True
binance,ETHUSDT,1580457600000,0.00132017,0.132017,True,True
binance,BTCUSDT,1580486400000,0.00039858,0.039858,True,True
binance,ETHUSDT,1580486400000,0.00093741,0.09374099999999999,True,True
binance,BTCUSDT,1580515200000,0.00074991,0.074991,True,True
binance,ETHUSDT,1580515200000,0.00072010,0.07201,True,True
binance,BTCUSDT,1580544000000,0.00065667,0.065667,True,True
binance,ETHUSDT,1580544000000,0.00070775,0.070775,True,True
binance,BTCUSDT,1580572800000,0.00049052,0.049052000000000005,True,True
binance,ETHUSDT,1580572800000,0.00052861,0.052861,True,True
binance,BTCUSDT,1580601600000,0.00028263,0.028263000000000003,True,True
binance,ETHUSDT,1580601600000,0.00035200,0.0352,True,True
binance,BTCUSDT,1580630400000,0.00034916,0.034916,True,True
binance,ETHUSDT,1580630400000,0.00016128,0.016128,True,True
binance,BTCUSDT,1580659200000,0.00065524,0.065524,True,True
binance,ETHUSDT,1580659200000,0.00010000,0.01,True,True
binance,BTCUSDT,1580688000000,0.00060677,0.060676999999999995,True,True
binance,ETHUSDT,1580688000000,0.00010000,0.01,True,True
binance,BTCUSDT,1580716800000,0.00035862,0.035862,True,True
binance,ETHUSDT,1580716800000,0.00010000,0.01,True,True
binance,BTCUSDT,1580745600000,0.00010000,0.01,True,True
binance,ETHUSDT,1580745600000,0.00010000,0.01,True,True
binance,BTCUSDT,1580774400000,0.00099282,0.099282,True,True
binance,ETHUSDT,1580774400000,0.00036575,0.036575,True,True
binance,BTCUSDT,1580803200001,0.00054450,0.05445,True,True
binance,ETHUSDT,1580803200001,0.00014722,0.014721999999999999,True,True
binance,BTCUSDT,1580832000000,0.00038192,0.038192000000000004,True,True
binance,ETHUSDT,1580832000000,0.00039381,0.039381,True,True
binance,BTCUSDT,1580860800002,0.00010000,0.01,True,True
binance,ETHUSDT,1580860800002,0.00010000,0.01,True,True
binance,BTCUSDT,1580889600000,0.00010000,0.01,True,True
binance,ETHUSDT,1580889600000,0.00010000,0.01,True,True
binance,BTCUSDT,1580918400000,0.00052631,0.052631,True,True
binance,ETHUSDT,1580918400000,0.00095515,0.095515,True,True
binance,BTCUSDT,1580947200000,0.00164021,0.164021,True,True
binance,ETHUSDT,1580947200000,0.00112654,0.112654,True,True
binance,BTCUSDT,1580976000000,0.00078299,0.07829900000000001,True,True
binance,ETHUSDT,1580976000000,0.00077325,0.07732499999999999,True,True
binance,BTCUSDT,1581004800000,0.00055668,0.055668,True,True
binance,ETHUSDT,1581004800000,0.00053238,0.05323800000000001,True,True
binance,BTCUSDT,1581033600000,0.00035618,0.035618,True,True
binance,ETHUSDT,1581033600000,0.00032775,0.032775000000000006,True,True
binance,BTCUSDT,1581062400000,0.00019726,0.019726,True,True
binance,ETHUSDT,1581062400000,0.00014913,0.014913000000000001,True,True
binance,BTCUSDT,1581091200001,0.00034616,0.034616,True,True
binance,ETHUSDT,1581091200001,0.00045718,0.045718,True,True
binance,BTCUSDT,1581120000000,0.00039915,0.039915000000000006,True,True
binance,ETHUSDT,1581120000000,0.00026524,0.026524,True,True
binance,BTCUSDT,1581148800000,0.00062858,0.062858,True,True
binance,ETHUSDT,1581148800000,0.00027312,0.027312000000000003,True,True
binance,BTCUSDT,1581177600000,0.00099315,0.09931499999999999,True,True
binance,ETHUSDT,1581177600000,0.00029946,0.029945999999999997,True,True
binance,BTCUSDT,1581206400000,0.00042798,0.042798,True,True
binance,ETHUSDT,1581206400000,0.00097062,0.097062,True,True
binance,BTCUSDT,1581235200000,0.00081519,0.08151900000000001,True,True
binance,ETHUSDT,1581235200000,0.00063224,0.06322399999999999,True,True
binance,BTCUSDT,1581264000000,0.00113954,0.11395400000000001,True,True
binance,ETHUSDT,1581264000000,0.00136228,0.136228,True,True
binance,BTCUSDT,1581292800000,0.00106733,0.106733,True,True
binance,ETHUSDT,1581292800000,0.00130685,0.130685,True,True
binance,BTCUSDT,1581321600000,0.00125022,0.125022,True,True
binance,ETHUSDT,1581321600000,0.00193444,0.193444,True,True
binance,BTCUSDT,1581350400009,0.00097918,0.097918,True,True
binance,ETHUSDT,1581350400009,0.00295694,0.295694,True,True
binance,BTCUSDT,1581379200000,0.00043989,0.043989,True,True
binance,ETHUSDT,1581379200000,0.00118120,0.11812,True,True
binance,BTCUSDT,1581408000000,0.00064797,0.064797,True,True
binance,ETHUSDT,1581408000000,0.00150902,0.150902,True,True
binance,BTCUSDT,1581436800000,0.00050120,0.050120000000000005,True,True
binance,ETHUSDT,1581436800000,0.00107512,0.107512,True,True
binance,BTCUSDT,1581465600000,0.00300000,0.3,True,True
binance,ETHUSDT,1581465600000,0.00284470,0.28447,True,True
binance,BTCUSDT,1581494400001,0.00108055,0.108055,True,True
binance,ETHUSDT,1581494400001,0.00367190,0.36719,True,True
binance,BTCUSDT,1581523200000,0.00103884,0.103884,True,True
binance,ETHUSDT,1581523200000,0.00148984,0.148984,True,True
binance,BTCUSDT,1581552000001,0.00093553,0.093553,True,True
binance,ETHUSDT,1581552000001,0.00119193,0.119193,True,True
binance,BTCUSDT,1581580800000,0.00084403,0.08440299999999999,True,True
binance,ETHUSDT,1581580800000,0.00141789,0.141789,True,True
binance,BTCUSDT,1581609600000,0.00070414,0.070414,True,True
binance,ETHUSDT,1581609600000,0.00178950,0.17895,True,True
binance,BTCUSDT,1581638400000,0.00063320,0.06332,True,True
binance,ETHUSDT,1581638400000,0.00133922,0.13392199999999999,True,True
binance,BTCUSDT,1581667200000,0.00074453,0.07445299999999999,True,True
binance,ETHUSDT,1581667200000,0.00081527,0.081527,True,True
binance,BTCUSDT,1581696000000,0.00055952,0.055952,True,True
binance,ETHUSDT,1581696000000,0.00097804,0.09780399999999999,True,True
binance,BTCUSDT,1581724800000,0.00059113,0.059113000000000006,True,True
binance,ETHUSDT,1581724800000,0.00084363,0.08436300000000001,True,True
binance,BTCUSDT,1581753600000,0.00096860,0.09686,True,True
binance,ETHUSDT,1581753600000,0.00099519,0.099519,True,True
binance,BTCUSDT,1581782400000,0.00087369,0.087369,True,True
binance,ETHUSDT,1581782400000,0.00116429,0.11642899999999999,True,True
binance,BTCUSDT,1581811200000,0.00051202,0.051202,True,True
binance,ETHUSDT,1581811200000,0.00191229,0.191229,True,True
binance,BTCUSDT,1581840000000,0.00036973,0.036973000000000006,True,True
binance,ETHUSDT,1581840000000,0.00042143,0.042143,True,True
binance,BTCUSDT,1581868800000,0.00060847,0.060847,True,True
binance,ETHUSDT,1581868800000,0.00063291,0.063291,True,True
binance,BTCUSDT,1581897600000,0.00043179,0.043178999999999995,True,True
binance,ETHUSDT,1581897600000,0.00065370,0.06537,True,True
binance,BTCUSDT,1581926400000,0.00060960,0.06095999999999999,True,True
binance,ETHUSDT,1581926400000,0.00052153,0.052153,True,True
binance,BTCUSDT,1581955200000,0.00091076,0.091076,True,True
binance,ETHUSDT,1581955200000,0.00088411,0.088411,True,True
binance,BTCUSDT,1581984000000,0.00026967,0.026967,True,True
binance,ETHUSDT,1581984000000,0.00024205,0.024205,True,True
binance,BTCUSDT,1582012800000,0.00013952,0.013951999999999999,True,True
binance,ETHUSDT,1582012800000,0.00012422,0.012422,True,True
binance,BTCUSDT,1582041600000,0.00029662,0.029661999999999997,True,True
binance,ETHUSDT,1582041600000,0.00023619,0.023619,True,True
binance,BTCUSDT,1582070400000,0.00046396,0.046396,True,True
binance,ETHUSDT,1582070400000,0.00071740,0.07174,True,True
binance,BTCUSDT,1582099200001,0.00038487,0.038487,True,True
binance,ETHUSDT,1582099200001,0.00095567,0.095567,True,True
binance,BTCUSDT,1582128000000,0.00040757,0.040757,True,True
binance,ETHUSDT,1582128000000,0.00068394,0.068394,True,True
